{"stats":{"minecraft:killed":{"reignofnether:witch_unit":1,"reignofnether:ghast_unit":2,"reignofnether:cave_spider_unit":1,"minecraft:zombie":1,"reignofnether:stray_unit":1,"reignofnether:wither_skeleton_unit":5,"reignofnether:silverfish_unit":1,"reignofnether:grunt_unit":2,"reignofnether:brute_unit":8,"reignofnether:vindicator_unit":5},"minecraft:picked_up":{"minecraft:stick":3,"minecraft:sand":46,"minecraft:rotten_flesh":3,"minecraft:netherite_sword":1,"minecraft:bread":576,"minecraft:oak_sapling":1,"minecraft:egg":1},"minecraft:dropped":{"minecraft:bread":576,"minecraft:grass_block":1},"minecraft:used":{"minecraft:netherite_sword":32,"reignofnether:drowned_unit_spawn_egg":1,"reignofnether:militia_unit_spawn_egg":1,"minecraft:water_bucket":2,"reignofnether:hoglin_unit_spawn_egg":5,"reignofnether:silverfish_unit_spawn_egg":1,"minecraft:flint_and_steel":3,"minecraft:carved_pumpkin":1,"minecraft:iron_block":4,"minecraft:grass_block":43,"reignofnether:stray_unit_spawn_egg":6,"reignofnether:headhunter_unit_spawn_egg":5,"minecraft:zombie_spawn_egg":2,"minecraft:redstone_block":9,"reignofnether:witch_unit_spawn_egg":6,"minecraft:sheep_spawn_egg":3,"minecraft:dark_oak_button":2,"minecraft:chiseled_nether_bricks":1,"minecraft:crimson_nylium":29,"reignofnether:poison_spider_unit_spawn_egg":1,"reignofnether:ravager_unit_spawn_egg":5,"minecraft:netherrack":7,"minecraft:sand":1,"minecraft:dirt":46,"reignofnether:zoglin_unit_spawn_egg":1,"reignofnether:iron_golem_unit_spawn_egg":1,"minecraft:tnt":59,"reignofnether:blaze_unit_spawn_egg":5,"minecraft:nether_quartz_ore":4,"reignofnether:warden_unit_spawn_egg":1,"minecraft:egg":14,"reignofnether:pillager_unit_spawn_egg":5,"minecraft:splash_potion":50,"minecraft:nether_gold_ore":16},"minecraft:custom":{"minecraft:time_since_rest":31833,"minecraft:sprint_one_cm":16392,"minecraft:damage_taken":120,"minecraft:walk_one_cm":763416,"minecraft:mob_kills":31,"minecraft:drop":10,"minecraft:damage_dealt":2754,"minecraft:fly_one_cm":2448850,"minecraft:open_chest":1,"minecraft:crouch_one_cm":1680,"minecraft:play_time":181173,"minecraft:deaths":2,"minecraft:walk_under_water_one_cm":2880,"minecraft:sneak_time":1737,"minecraft:jump":130,"minecraft:leave_game":4,"minecraft:walk_on_water_one_cm":2462,"minecraft:time_since_death":31795,"minecraft:climb_one_cm":592,"minecraft:total_world_time":181173,"minecraft:fall_one_cm":1455}},"DataVersion":3120}