{"stats":{"minecraft:custom":{"minecraft:time_since_rest":98139,"minecraft:sprint_one_cm":257748,"minecraft:walk_one_cm":247166,"minecraft:mob_kills":2,"minecraft:drop":8,"minecraft:damage_dealt":450,"minecraft:fly_one_cm":3692192,"minecraft:crouch_one_cm":1237,"minecraft:play_time":273958,"minecraft:deaths":1,"minecraft:sneak_time":2386,"minecraft:walk_under_water_one_cm":674,"minecraft:jump":489,"minecraft:leave_game":16,"minecraft:walk_on_water_one_cm":59,"minecraft:time_since_death":98128,"minecraft:total_world_time":273958,"minecraft:fall_one_cm":420},"minecraft:mined":{"minecraft:grass":49,"minecraft:grass_block":3277,"minecraft:sand":163,"minecraft:dirt":1049},"minecraft:dropped":{"minecraft:raw_iron":192,"minecraft:sand":1,"minecraft:grass_block":3,"minecraft:egg":1},"minecraft:picked_up":{"minecraft:raw_iron":120,"minecraft:allium":2,"minecraft:azure_bluet":17,"minecraft:leather":1,"minecraft:dandelion":1,"minecraft:sand":148,"minecraft:dirt":3495,"minecraft:orange_tulip":34,"minecraft:wheat_seeds":47,"minecraft:red_tulip":2,"minecraft:white_tulip":5,"minecraft:pink_tulip":1,"minecraft:oak_sapling":11,"minecraft:oxeye_daisy":9,"minecraft:sunflower":1,"minecraft:egg":2},"minecraft:killed":{"minecraft:horse":1,"minecraft:pig":1},"minecraft:used":{"minecraft:creeper_spawn_egg":1,"minecraft:netherite_shovel":1219,"minecraft:coal_ore":20,"minecraft:diamond_shovel":3319,"minecraft:grass_block":1672,"minecraft:redstone_block":169,"minecraft:diamond_sword":10,"minecraft:dirt":398,"minecraft:sand":4,"minecraft:tnt":67}},"DataVersion":3120}