{"stats":{"minecraft:custom":{"minecraft:jump":44,"minecraft:time_since_rest":92843,"minecraft:damage_dealt":20,"minecraft:crouch_one_cm":200,"minecraft:leave_game":1,"minecraft:play_time":92843,"minecraft:sprint_one_cm":13310,"minecraft:time_since_death":92843,"minecraft:walk_one_cm":6186,"minecraft:sneak_time":174,"minecraft:total_world_time":92843,"minecraft:fly_one_cm":362049},"minecraft:picked_up":{"minecraft:white_tulip":1,"minecraft:oak_sapling":5},"minecraft:used":{"minecraft:grass_block":12}},"DataVersion":3120}