{"stats":{"minecraft:custom":{"minecraft:jump":46,"minecraft:time_since_rest":104843,"minecraft:damage_dealt":20,"minecraft:crouch_one_cm":200,"minecraft:leave_game":1,"minecraft:play_time":104843,"minecraft:sprint_one_cm":13894,"minecraft:time_since_death":104843,"minecraft:walk_one_cm":6186,"minecraft:sneak_time":198,"minecraft:total_world_time":104843,"minecraft:fly_one_cm":505987},"minecraft:picked_up":{"minecraft:white_tulip":1,"minecraft:oak_sapling":5},"minecraft:used":{"minecraft:grass_block":12}},"DataVersion":3120}