{"stats":{"minecraft:custom":{"minecraft:time_since_rest":31798,"minecraft:crouch_one_cm":1138,"minecraft:play_time":207617,"minecraft:sprint_one_cm":78360,"minecraft:deaths":1,"minecraft:walk_one_cm":119258,"minecraft:sneak_time":1038,"minecraft:mob_kills":1,"minecraft:drop":5,"minecraft:jump":224,"minecraft:damage_dealt":340,"minecraft:leave_game":5,"minecraft:time_since_death":31787,"minecraft:walk_on_water_one_cm":59,"minecraft:total_world_time":207617,"minecraft:fly_one_cm":1622530},"minecraft:dropped":{"minecraft:sand":1,"minecraft:grass_block":1,"minecraft:raw_iron":192},"minecraft:picked_up":{"minecraft:raw_iron":120,"minecraft:allium":2,"minecraft:azure_bluet":17,"minecraft:leather":1,"minecraft:orange_tulip":33,"minecraft:wheat_seeds":2,"minecraft:red_tulip":2,"minecraft:white_tulip":5,"minecraft:oak_sapling":11,"minecraft:oxeye_daisy":9},"minecraft:killed":{"minecraft:horse":1},"minecraft:used":{"minecraft:diamond_sword":5,"minecraft:sand":3,"minecraft:tnt":67,"minecraft:grass_block":929,"minecraft:redstone_block":33}},"DataVersion":3120}