{"stats":{"minecraft:custom":{"minecraft:time_since_rest":180792,"minecraft:sprint_one_cm":320952,"minecraft:walk_one_cm":402787,"minecraft:mob_kills":2,"minecraft:drop":14,"minecraft:damage_dealt":604,"minecraft:fly_one_cm":5818145,"minecraft:crouch_one_cm":1632,"minecraft:play_time":356611,"minecraft:deaths":1,"minecraft:sneak_time":3509,"minecraft:walk_under_water_one_cm":674,"minecraft:jump":665,"minecraft:leave_game":28,"minecraft:walk_on_water_one_cm":59,"minecraft:time_since_death":180781,"minecraft:climb_one_cm":1755,"minecraft:total_world_time":356611,"minecraft:fall_one_cm":420},"minecraft:mined":{"minecraft:grass":51,"minecraft:grass_block":3378,"minecraft:sand":163,"minecraft:dirt":1211,"minecraft:tall_grass":1},"minecraft:dropped":{"minecraft:dirt":1,"minecraft:wheat_seeds":6,"minecraft:raw_iron":192,"minecraft:sunflower":1,"minecraft:sand":1,"minecraft:grass_block":5,"minecraft:egg":1},"minecraft:picked_up":{"minecraft:raw_iron":120,"minecraft:allium":2,"minecraft:azure_bluet":17,"minecraft:leather":1,"minecraft:dandelion":1,"minecraft:sand":148,"minecraft:dirt":3732,"minecraft:orange_tulip":34,"minecraft:wheat_seeds":69,"minecraft:red_tulip":2,"minecraft:white_tulip":5,"minecraft:pink_tulip":1,"minecraft:oak_sapling":11,"minecraft:oxeye_daisy":9,"minecraft:sunflower":7,"minecraft:egg":3},"minecraft:killed":{"minecraft:horse":1,"minecraft:pig":1},"minecraft:used":{"minecraft:creeper_spawn_egg":1,"minecraft:netherite_shovel":1485,"minecraft:coal_ore":20,"minecraft:diamond_shovel":3319,"minecraft:grass_block":3667,"minecraft:netherite_axe":1,"minecraft:redstone_block":171,"minecraft:diamond_sword":10,"minecraft:dirt":400,"minecraft:sand":4,"minecraft:tnt":80}},"DataVersion":3120}