{"stats":{"minecraft:custom":{"minecraft:jump":113,"minecraft:time_since_rest":116843,"minecraft:damage_dealt":20,"minecraft:crouch_one_cm":315,"minecraft:leave_game":1,"minecraft:play_time":116843,"minecraft:sprint_one_cm":35120,"minecraft:time_since_death":116843,"minecraft:walk_one_cm":40646,"minecraft:sneak_time":216,"minecraft:total_world_time":116843,"minecraft:fly_one_cm":600883},"minecraft:picked_up":{"minecraft:allium":1,"minecraft:red_tulip":2,"minecraft:white_tulip":1,"minecraft:azure_bluet":13,"minecraft:oak_sapling":11,"minecraft:orange_tulip":11,"minecraft:oxeye_daisy":2},"minecraft:used":{"minecraft:sand":1,"minecraft:grass_block":345}},"DataVersion":3120}