{"stats":{"minecraft:custom":{"minecraft:time_since_rest":15086,"minecraft:crouch_one_cm":964,"minecraft:sprint_one_cm":64829,"minecraft:play_time":190905,"minecraft:deaths":1,"minecraft:walk_one_cm":108049,"minecraft:sneak_time":874,"minecraft:drop":5,"minecraft:jump":197,"minecraft:damage_dealt":40,"minecraft:leave_game":4,"minecraft:walk_on_water_one_cm":59,"minecraft:time_since_death":15075,"minecraft:total_world_time":190905,"minecraft:fly_one_cm":1372979},"minecraft:dropped":{"minecraft:sand":1,"minecraft:grass_block":1,"minecraft:raw_iron":192},"minecraft:picked_up":{"minecraft:raw_iron":120,"minecraft:allium":2,"minecraft:azure_bluet":17,"minecraft:orange_tulip":33,"minecraft:wheat_seeds":1,"minecraft:red_tulip":2,"minecraft:white_tulip":5,"minecraft:oak_sapling":11,"minecraft:oxeye_daisy":9},"minecraft:used":{"minecraft:sand":3,"minecraft:tnt":67,"minecraft:grass_block":483,"minecraft:redstone_block":33}},"DataVersion":3120}