{"stats":{"minecraft:custom":{"minecraft:time_since_rest":37798,"minecraft:crouch_one_cm":1176,"minecraft:play_time":213617,"minecraft:sprint_one_cm":120721,"minecraft:deaths":1,"minecraft:walk_one_cm":159090,"minecraft:sneak_time":1158,"minecraft:mob_kills":2,"minecraft:drop":5,"minecraft:jump":258,"minecraft:damage_dealt":450,"minecraft:leave_game":5,"minecraft:time_since_death":37787,"minecraft:walk_on_water_one_cm":59,"minecraft:total_world_time":213617,"minecraft:fly_one_cm":1715904},"minecraft:mined":{"minecraft:grass":29,"minecraft:grass_block":989,"minecraft:dirt":268},"minecraft:dropped":{"minecraft:sand":1,"minecraft:grass_block":1,"minecraft:raw_iron":192},"minecraft:picked_up":{"minecraft:raw_iron":120,"minecraft:allium":2,"minecraft:azure_bluet":17,"minecraft:leather":1,"minecraft:orange_tulip":33,"minecraft:wheat_seeds":24,"minecraft:red_tulip":2,"minecraft:white_tulip":5,"minecraft:oak_sapling":11,"minecraft:dirt":965,"minecraft:oxeye_daisy":9},"minecraft:killed":{"minecraft:horse":1,"minecraft:pig":1},"minecraft:used":{"minecraft:diamond_sword":10,"minecraft:dirt":201,"minecraft:diamond_shovel":1286,"minecraft:sand":3,"minecraft:tnt":67,"minecraft:grass_block":1061,"minecraft:redstone_block":33}},"DataVersion":3120}