{"stats":{"minecraft:custom":{"minecraft:time_since_rest":140843,"minecraft:crouch_one_cm":495,"minecraft:sprint_one_cm":37101,"minecraft:play_time":140843,"minecraft:walk_one_cm":57439,"minecraft:sneak_time":447,"minecraft:drop":1,"minecraft:jump":132,"minecraft:damage_dealt":20,"minecraft:leave_game":1,"minecraft:time_since_death":140843,"minecraft:walk_on_water_one_cm":59,"minecraft:total_world_time":140843,"minecraft:fly_one_cm":926067},"minecraft:dropped":{"minecraft:sand":1},"minecraft:picked_up":{"minecraft:allium":2,"minecraft:azure_bluet":17,"minecraft:orange_tulip":12,"minecraft:wheat_seeds":1,"minecraft:red_tulip":2,"minecraft:white_tulip":1,"minecraft:oak_sapling":11,"minecraft:oxeye_daisy":2},"minecraft:used":{"minecraft:sand":1,"minecraft:tnt":51,"minecraft:grass_block":449,"minecraft:redstone_block":7}},"DataVersion":3120}