{"stats":{"minecraft:custom":{"minecraft:time_since_rest":43798,"minecraft:crouch_one_cm":1206,"minecraft:play_time":219617,"minecraft:sprint_one_cm":170674,"minecraft:deaths":1,"minecraft:walk_one_cm":194053,"minecraft:sneak_time":1252,"minecraft:mob_kills":2,"minecraft:drop":6,"minecraft:jump":285,"minecraft:damage_dealt":450,"minecraft:leave_game":5,"minecraft:time_since_death":43787,"minecraft:walk_on_water_one_cm":59,"minecraft:total_world_time":219617,"minecraft:fall_one_cm":211,"minecraft:fly_one_cm":1906669},"minecraft:mined":{"minecraft:grass":34,"minecraft:grass_block":2240,"minecraft:sand":163,"minecraft:dirt":882},"minecraft:dropped":{"minecraft:sand":1,"minecraft:grass_block":2,"minecraft:raw_iron":192},"minecraft:picked_up":{"minecraft:raw_iron":120,"minecraft:allium":2,"minecraft:azure_bluet":17,"minecraft:leather":1,"minecraft:orange_tulip":34,"minecraft:wheat_seeds":28,"minecraft:sand":148,"minecraft:red_tulip":2,"minecraft:white_tulip":5,"minecraft:pink_tulip":1,"minecraft:oak_sapling":11,"minecraft:dirt":2489,"minecraft:oxeye_daisy":9},"minecraft:killed":{"minecraft:horse":1,"minecraft:pig":1},"minecraft:used":{"minecraft:diamond_sword":10,"minecraft:dirt":224,"minecraft:diamond_shovel":3319,"minecraft:sand":3,"minecraft:tnt":67,"minecraft:grass_block":1066,"minecraft:redstone_block":33}},"DataVersion":3120}