{"stats":{"minecraft:custom":{"minecraft:time_since_rest":174443,"minecraft:crouch_one_cm":621,"minecraft:sprint_one_cm":48787,"minecraft:play_time":174443,"minecraft:walk_one_cm":93205,"minecraft:sneak_time":564,"minecraft:drop":4,"minecraft:jump":160,"minecraft:damage_dealt":20,"minecraft:leave_game":2,"minecraft:time_since_death":174443,"minecraft:walk_on_water_one_cm":59,"minecraft:total_world_time":174443,"minecraft:fly_one_cm":1128822},"minecraft:dropped":{"minecraft:sand":1,"minecraft:raw_iron":192},"minecraft:picked_up":{"minecraft:raw_iron":120,"minecraft:allium":2,"minecraft:azure_bluet":17,"minecraft:orange_tulip":26,"minecraft:wheat_seeds":1,"minecraft:red_tulip":2,"minecraft:white_tulip":4,"minecraft:oak_sapling":11,"minecraft:oxeye_daisy":2},"minecraft:used":{"minecraft:sand":1,"minecraft:tnt":63,"minecraft:grass_block":468,"minecraft:redstone_block":29}},"DataVersion":3120}