{"stats":{"minecraft:custom":{"minecraft:time_since_rest":25886,"minecraft:crouch_one_cm":1138,"minecraft:sprint_one_cm":74828,"minecraft:play_time":201705,"minecraft:deaths":1,"minecraft:walk_one_cm":111592,"minecraft:sneak_time":962,"minecraft:mob_kills":1,"minecraft:drop":5,"minecraft:jump":215,"minecraft:damage_dealt":340,"minecraft:leave_game":5,"minecraft:walk_on_water_one_cm":59,"minecraft:time_since_death":25875,"minecraft:total_world_time":201705,"minecraft:fly_one_cm":1491011},"minecraft:dropped":{"minecraft:sand":1,"minecraft:grass_block":1,"minecraft:raw_iron":192},"minecraft:picked_up":{"minecraft:raw_iron":120,"minecraft:allium":2,"minecraft:azure_bluet":17,"minecraft:leather":1,"minecraft:orange_tulip":33,"minecraft:wheat_seeds":2,"minecraft:red_tulip":2,"minecraft:white_tulip":5,"minecraft:oak_sapling":11,"minecraft:oxeye_daisy":9},"minecraft:killed":{"minecraft:horse":1},"minecraft:used":{"minecraft:diamond_sword":5,"minecraft:sand":3,"minecraft:tnt":67,"minecraft:grass_block":536,"minecraft:redstone_block":33}},"DataVersion":3120}