{"stats":{"minecraft:custom":{"minecraft:time_since_rest":69281,"minecraft:play_time":245100,"minecraft:crouch_one_cm":1213,"minecraft:sprint_one_cm":173352,"minecraft:walk_one_cm":199016,"minecraft:deaths":1,"minecraft:sneak_time":1609,"minecraft:mob_kills":2,"minecraft:drop":6,"minecraft:jump":308,"minecraft:damage_dealt":450,"minecraft:leave_game":12,"minecraft:time_since_death":69270,"minecraft:walk_on_water_one_cm":59,"minecraft:total_world_time":245100,"minecraft:fall_one_cm":211,"minecraft:fly_one_cm":2492388},"minecraft:mined":{"minecraft:grass":34,"minecraft:grass_block":2240,"minecraft:sand":163,"minecraft:dirt":882},"minecraft:dropped":{"minecraft:sand":1,"minecraft:grass_block":2,"minecraft:raw_iron":192},"minecraft:picked_up":{"minecraft:raw_iron":120,"minecraft:allium":2,"minecraft:azure_bluet":17,"minecraft:dandelion":1,"minecraft:wheat_seeds":28,"minecraft:leather":1,"minecraft:orange_tulip":34,"minecraft:red_tulip":2,"minecraft:white_tulip":5,"minecraft:sand":148,"minecraft:pink_tulip":1,"minecraft:oak_sapling":11,"minecraft:dirt":2491,"minecraft:oxeye_daisy":9},"minecraft:killed":{"minecraft:horse":1,"minecraft:pig":1},"minecraft:used":{"minecraft:diamond_sword":10,"minecraft:dirt":224,"minecraft:tnt":67,"minecraft:sand":3,"minecraft:diamond_shovel":3319,"minecraft:grass_block":1462,"minecraft:redstone_block":92}},"DataVersion":3120}