{"stats":{"minecraft:custom":{"minecraft:mob_kills":48,"minecraft:leave_game":16,"minecraft:time_since_death":39534,"minecraft:climb_one_cm":1657,"minecraft:time_since_rest":39559,"minecraft:sprint_one_cm":265118,"minecraft:damage_taken":50,"minecraft:walk_one_cm":700322,"minecraft:drop":104,"minecraft:damage_dealt":14363,"minecraft:fly_one_cm":15161895,"minecraft:talked_to_villager":2,"minecraft:open_chest":4,"minecraft:play_time":580117,"minecraft:crouch_one_cm":5729,"minecraft:deaths":8,"minecraft:sneak_time":21680,"minecraft:walk_under_water_one_cm":2080,"minecraft:jump":1678,"minecraft:walk_on_water_one_cm":10782,"minecraft:total_world_time":584552,"minecraft:fall_one_cm":7484},"minecraft:mined":{"reignofnether:falling_birch_log":3,"minecraft:oak_slab":39,"minecraft:glass_pane":22,"minecraft:mossy_cobblestone":27,"minecraft:oak_door":6,"minecraft:cobblestone_stairs":13,"minecraft:oak_fence":61,"minecraft:torch":3,"reignofnether:falling_oak_log":57,"minecraft:blast_furnace":1,"minecraft:grass_block":378,"minecraft:chest":3,"minecraft:oak_pressure_plate":1,"minecraft:tall_grass":4,"minecraft:cobblestone":316,"minecraft:oak_planks":134,"minecraft:cartography_table":1,"minecraft:bricks":2,"minecraft:wall_torch":4,"minecraft:smooth_stone":9,"minecraft:oak_trapdoor":22,"minecraft:cobblestone_wall":3,"minecraft:yellow_wool":9,"minecraft:birch_log":1,"minecraft:stripped_oak_wood":1,"minecraft:yellow_bed":3,"minecraft:grass":11,"minecraft:oak_log":31,"minecraft:dirt_path":144,"minecraft:water_cauldron":4,"minecraft:oak_fence_gate":3,"minecraft:oak_stairs":355,"minecraft:sand":171,"minecraft:dirt":222,"minecraft:stone":12,"minecraft:white_wool":9,"minecraft:oak_leaves":46},"minecraft:dropped":{"minecraft:oak_door":11,"minecraft:bricks":4,"minecraft:oak_slab":30,"minecraft:wheat_seeds":8,"minecraft:oak_trapdoor":6,"minecraft:oak_pressure_plate":1,"minecraft:oak_log":138,"minecraft:mossy_cobblestone":32,"minecraft:birch_sapling":2,"minecraft:yellow_wool":18,"minecraft:oak_fence":82,"minecraft:white_carpet":4,"minecraft:cobblestone":295,"minecraft:oak_planks":135,"minecraft:apple":16,"minecraft:spruce_fence":1,"minecraft:grass_block":9,"minecraft:yellow_carpet":4,"minecraft:stick":9,"minecraft:cobblestone_stairs":24,"minecraft:poppy":2,"minecraft:oak_fence_gate":3,"minecraft:dirt":321,"minecraft:grass":1,"minecraft:stone":1,"minecraft:torch":35,"minecraft:yellow_bed":2,"minecraft:oak_sapling":7,"minecraft:chest":2,"minecraft:oak_stairs":254,"minecraft:gold_nugget":3,"minecraft:sand":1,"minecraft:bell":2,"minecraft:smooth_stone":16,"minecraft:paper":6,"minecraft:birch_log":2,"minecraft:white_wool":18,"minecraft:cartography_table":1,"minecraft:dandelion":4},"minecraft:picked_up":{"minecraft:birch_log":4,"minecraft:dark_oak_button":1,"minecraft:yellow_wool":18,"minecraft:leather_leggings":1,"minecraft:oak_stairs":314,"minecraft:oak_log":138,"minecraft:yellow_bed":3,"minecraft:cobblestone_wall":2,"minecraft:cobblestone_stairs":25,"minecraft:cornflower":1,"minecraft:dirt":798,"minecraft:oak_trapdoor":20,"minecraft:paper":6,"minecraft:white_carpet":4,"minecraft:apple":21,"minecraft:wheat_seeds":14,"minecraft:cartography_table":1,"minecraft:gold_nugget":3,"minecraft:smooth_stone":16,"minecraft:bell":2,"minecraft:oak_fence_gate":3,"minecraft:stripped_oak_wood":1,"minecraft:poppy":4,"minecraft:chest":3,"minecraft:birch_sapling":3,"minecraft:oak_planks":175,"minecraft:oak_slab":39,"minecraft:stick":10,"minecraft:oak_door":14,"minecraft:oak_fence":91,"minecraft:torch":47,"minecraft:dandelion":9,"minecraft:oak_pressure_plate":2,"minecraft:sand":125,"minecraft:cauldron":3,"minecraft:mossy_cobblestone":35,"minecraft:stone_sword":1,"minecraft:yellow_carpet":4,"minecraft:oak_sapling":21,"minecraft:bricks":4,"minecraft:white_wool":18,"minecraft:cobblestone":341,"minecraft:oxeye_daisy":2},"minecraft:killed":{"reignofnether:militia_unit":1,"reignofnether:ghast_unit":2,"minecraft:pig":1,"reignofnether:hoglin_unit":3,"reignofnether:villager_unit":1,"reignofnether:iron_golem_unit":1,"reignofnether:ravager_unit":1,"minecraft:iron_golem":1,"reignofnether:witch_unit":2,"reignofnether:blaze_unit":3,"reignofnether:warden_unit":1,"reignofnether:pillager_unit":2,"reignofnether:zoglin_unit":17,"reignofnether:headhunter_unit":2,"minecraft:villager":8},"minecraft:used":{"reignofnether:militia_unit_spawn_egg":1,"reignofnether:brute_unit_spawn_egg":13,"minecraft:netherite_sword":117,"reignofnether:grunt_unit_spawn_egg":7,"minecraft:flint_and_steel":5,"minecraft:oak_planks":10,"reignofnether:villager_unit_spawn_egg":1,"minecraft:stone":1,"minecraft:redstone_block":66,"minecraft:zombie_spawn_egg":2,"minecraft:diamond_axe":730,"minecraft:torch":3,"minecraft:sand":1,"minecraft:dirt":1998,"minecraft:tnt":315,"reignofnether:warden_unit_spawn_egg":1,"minecraft:crossbow":8,"reignofnether:creeper_unit_spawn_egg":7,"minecraft:lingering_potion":2,"minecraft:spruce_fence":21,"minecraft:oak_log":3,"minecraft:diamond_pickaxe":465,"reignofnether:evoker_unit_spawn_egg":5,"reignofnether:wither_skeleton_unit_spawn_egg":11,"minecraft:diamond_shovel":889,"minecraft:villager_spawn_egg":2,"minecraft:grass_block":1733,"reignofnether:skeleton_unit_spawn_egg":10,"minecraft:bow":11,"minecraft:diamond_sword":52,"reignofnether:zoglin_unit_spawn_egg":27,"reignofnether:ghast_unit_spawn_egg":4,"reignofnether:vindicator_unit_spawn_egg":10,"minecraft:splash_potion":126}},"DataVersion":3120}