{
  "minecraft:recipes/misc/light_gray_dye_from_white_tulip": {
    "criteria": {
      "has_white_tulip": "2024-12-12 18:06:37 +0000"
    },
    "done": true
  },
  "minecraft:adventure/adventuring_time": {
    "criteria": {
      "minecraft:sunflower_plains": "2024-12-12 17:54:59 +0000",
      "minecraft:birch_forest": "2024-12-11 22:08:15 +0000",
      "minecraft:beach": "2024-12-11 22:09:43 +0000",
      "minecraft:dark_forest": "2024-12-11 22:08:03 +0000",
      "minecraft:river": "2024-12-11 22:08:01 +0000",
      "minecraft:forest": "2024-12-11 22:08:26 +0000",
      "minecraft:ocean": "2024-12-12 18:02:57 +0000",
      "minecraft:flower_forest": "2024-12-11 22:09:45 +0000",
      "minecraft:old_growth_birch_forest": "2024-12-11 22:07:43 +0000",
      "minecraft:plains": "2024-12-11 22:08:43 +0000"
    },
    "done": false
  },
  "DataVersion": 3120
}